horizon,h8_minus_h1_normalized_l2,normalized_l2_reduction_percent,h8_minus_h1_output_kl,output_kl_reduction_percent,top1_agreement_gain_points
1,-0.023779702867104124,5.023795398686946,0.21161121363465407,-28.54820517397195,-5.260972125319779
2,-0.06986811685500355,12.860469720120715,-0.0675209963950526,6.326110926838311,3.506445856473378
4,-0.10142477438044428,16.928579081038567,-0.18929468414908412,15.30567313085451,7.017499621766099
8,-0.1436519869431454,21.411691741464008,-0.31539736980234334,22.362750003357757,9.194724884265193
16,-0.21999348185736423,27.90433540864833,-0.5819357324534253,33.68117731162761,13.520646858393798
32,-0.4022048538603503,38.830512407617,-1.8769364281297598,60.76653244349979,22.216230534900003
